Group,Mean,StdDev
Group1,50.522000000000006,2.326772442676764
Group2,55.715999999999994,1.5341056026232365
Group3,59.482000000000006,1.4809692771965262
