Group,Mean,StdDev
Group1,49.05926552074481,4.424395957981524
Group2,54.39418764855029,4.577261534039093
Group3,60.06442386236111,4.876549349172785
