Company,Mean Salary,StdDev Salary
Google,123600.0,6107.372593840988
Samsung,95200.0,2387.4672772626645
Apple,140000.0,3807.886552931954
